Job Title,Company Name,Skills,Experience,Job Page
"""PYTHON""","RadicalTecnologies
(MoreJobs)","""PYTHONSCRIPTING"",""PYTHON"",""FULLSTACKPYTHON""",7-12yrs,https://www.timesjobs.com/job-detail/python-radical-tecnologies-cochin-kochi-ernakulam-thiruvananthapuram-thrissur-7-to-12-yrs-jobid-bUxdpY7jo5dzpSvf__PLUS__uAgZw==&source=srp
Python,SuryaInformaticsSolutionsPvt.Ltd.,"python,webtechnologies,linux,mobile,mysql,angularjs,javascript",0-3yrs,https://www.timesjobs.com/job-detail/python-surya-informatics-solutions-pvt-ltd-chennai-0-to-3-yrs-jobid-UVlLes58wutzpSvf__PLUS__uAgZw==&source=srp
Python Faculty,"learntek
(MoreJobs)",Python,2-7yrs,https://www.timesjobs.com/job-detail/python-faculty-learntek-bengaluru-bangalore-chennai-hyderabad-secunderabad-vijayawada-visakhapatnam-2-to-7-yrs-jobid-K4__PLUS__N8nfOlV5zpSvf__PLUS__uAgZw==&source=srp
Python Developer,IvanInfotechPvt.Ltd.,"rest,python,security,debugging",2-5yrs,https://www.timesjobs.com/job-detail/python-developer-ivan-infotech-pvt-ltd-kolkata-2-to-5-yrs-jobid-1h6sLaqbaBZzpSvf__PLUS__uAgZw==&source=srp
Python Developer,"ERMPlacementServicesPvt.Ltd.
(MoreJobs)","Python,sql",7-10yrs,https://www.timesjobs.com/job-detail/python-developer-big4-bengaluru-bangalore-delhi-7-to-10-yrs-jobid-ud18h6v8DiVzpSvf__PLUS__uAgZw==&source=srp
Python Engineer,eastindiasecuritiesltd.,"python,hadoop,machinelearning",2-5yrs,https://www.timesjobs.com/job-detail/python-engineer-east-india-securities-ltd-kolkata-2-to-5-yrs-jobid-KEkE19WqPbFzpSvf__PLUS__uAgZw==&source=srp
Python Developer,"TeamMindsSoftwarePrivateLimited
(MoreJobs)","Python,SnowFlake,AWS,SQL,MYSQL",2-6yrs,https://www.timesjobs.com/job-detail/python-developer-teamminds-software-private-limited-hyderabad-secunderabad-pune-2-to-6-yrs-jobid-e3VYd7N7__SLASH__LBzpSvf__PLUS__uAgZw==&source=srp
Python Developer,arttechnologyandsoftwareindiapvtltd,"rest,python,database,django,api",2-3yrs,https://www.timesjobs.com/job-detail/python-developer-art-technology-and-software-india-pvt-ltd-cochin-kochi-ernakulam-2-to-3-yrs-jobid-M26lxDEd__PLUS__qtzpSvf__PLUS__uAgZw==&source=srp
Python intern,sjainventures,"python,webdeveloper,webservices",0-3yrs,https://www.timesjobs.com/job-detail/python-intern-sjain-ventures-raipur-0-to-3-yrs-jobid-KmspiL9__SLASH__D9hzpSvf__PLUS__uAgZw==&source=srp
Python Developer,systango,"python,django,javascript,webprogramming",5-8yrs,https://www.timesjobs.com/job-detail/python-developer-systango-indore-5-to-8-yrs-jobid-YtDomXdajg5zpSvf__PLUS__uAgZw==&source=srp
Python developer,TandAHRSolutions,"Python,Django,Flask,unittesting",3-6yrs,https://www.timesjobs.com/job-detail/python-developer-tanda-hr-solutions-mohali-chandigarh-3-to-6-yrs-jobid-yhy9asKbR4VzpSvf__PLUS__uAgZw==&source=srp
Python Developer,"InnovaUnifiedManagementServicesPvtLtd
(MoreJobs)","Django,Python,Mongodb,Mysql",1-3yrs,https://www.timesjobs.com/job-detail/python-developer-innova-unified-management-services-pvt-ltd-kolkata-1-to-3-yrs-jobid-Tno__SLASH__eg3ugWFzpSvf__PLUS__uAgZw==&source=srp
Python Developer,TandAHRSolutions,"python,git,django,GITHub",4-6yrs,https://www.timesjobs.com/job-detail/python-developer-tanda-hr-solutions-gurgaon-chandigarh-4-to-6-yrs-jobid-RxlCUMDjB7dzpSvf__PLUS__uAgZw==&source=srp
Python developer,TandAHRSolutions,"Python,Django,Flask,GITHub",3-6yrs,https://www.timesjobs.com/job-detail/python-developer-tanda-hr-solutions-mohali-chandigarh-3-to-6-yrs-jobid-EAm60cv2FrxzpSvf__PLUS__uAgZw==&source=srp
Python Developer,APPLYCUPHIRINGSOLUTIONSLLP,"python,django,html5,javascript",2-4yrs,https://www.timesjobs.com/job-detail/python-developer-applycup-hiring-solutions-llp-gandhinagar-2-to-4-yrs-jobid-t8Ti7DllljpzpSvf__PLUS__uAgZw==&source=srp
PYTHON DEVELOPER,DREAMAJAXTECHNOLOGIES,"python,django,api,sql,nosql",4-7yrs,https://www.timesjobs.com/job-detail/python-developer-dreamajax-technologies-bengaluru-bangalore-4-to-7-yrs-jobid-EWIVCDzRLKBzpSvf__PLUS__uAgZw==&source=srp
Python Interns,3RITechnologiesPvtLtd,"python,django,html5,javascript",5-8yrs,https://www.timesjobs.com/job-detail/python-interns-3ri-technologies-pvt-ltd-pune-5-to-8-yrs-jobid-cfLZrmnuzxxzpSvf__PLUS__uAgZw==&source=srp
Python Trainer,APPLYCUPHIRINGSOLUTIONSLLP,"python,webtechnologies,webtechnologies",4-6yrs,https://www.timesjobs.com/job-detail/python-trainer-applycup-hiring-solutions-llp-pune-4-to-6-yrs-jobid-3V1Biww1YVJzpSvf__PLUS__uAgZw==&source=srp
PYTHON Developer,INFINITYGROUP,"python,css,django,html,bootstrap",2-5yrs,https://www.timesjobs.com/job-detail/python-developer-infinity-group-noida-greater-noida-2-to-5-yrs-jobid-efOg3e9X__SLASH__D9zpSvf__PLUS__uAgZw==&source=srp
Python Developer,xoniertechnologiespvtltd,"python,django,testingtools,debugging,storage",2-5yrs,https://www.timesjobs.com/job-detail/python-developer-xonier-technologies-pvt-ltd-noida-greater-noida-2-to-5-yrs-jobid-VZ3nXzqL2FNzpSvf__PLUS__uAgZw==&source=srp
Python Developer,PerfiosSoftware,"python,java,scala",5-8yrs,https://www.timesjobs.com/job-detail/python-developer-perfios-software-bengaluru-bangalore-5-to-8-yrs-jobid-5GGtzEeKMXxzpSvf__PLUS__uAgZw==&source=srp
Python Developer,InnOvatorWebSolutionsPvt.Ltd.,"rest,python,django,webdeveloper,mysql,api",5-8yrs,https://www.timesjobs.com/job-detail/python-developer-innovator-web-solutions-pvt-ltd-mumbai-5-to-8-yrs-jobid-OO__SLASH__Qb2Q7MfpzpSvf__PLUS__uAgZw==&source=srp
Python - Odoo,AxisTechnolabs,"python,django,itskills,html5,api,jquery",0-1yrs,https://www.timesjobs.com/job-detail/python-odoo-axistechnolabs-ahmedabad-0-to-1-yrs-jobid-HzL8naalyxFzpSvf__PLUS__uAgZw==&source=srp
Python Developer,APPLYCUPHIRINGSOLUTIONSLLP,"python,security,webdeveloper,storage,mongodb",1-4yrs,https://www.timesjobs.com/job-detail/python-developer-applycup-hiring-solutions-llp-ahmedabad-1-to-4-yrs-jobid-Sq8U1RfiYD5zpSvf__PLUS__uAgZw==&source=srp
Python Developer,pearlglobalsolutions,"python,database,django,teamplayer,sql",4-7yrs,https://www.timesjobs.com/job-detail/python-developer-pearl-global-solutions-cochin-kochi-ernakulam-4-to-7-yrs-jobid-dZD__SLASH__NDlCjpVzpSvf__PLUS__uAgZw==&source=srp
